<?xml version="1.0" encoding="UTF-8" standalone="no"?>
<?xml-stylesheet type="text/xsl" href="configuration.xsl"?>
<configuration>
    <property>
        <name>javax.jdo.option.ConnectionURL</name>
        <value>jdbc:derby:;databaseName=@HIVE_HOME@/metastore_db;create=true</value>
    </property>
    <property>
        <name>hive.metastore.warehouse.dir</name>
        <value>hdfs://localhost:8020/user/hive/warehouse</value>
    </property>
    <property>
        <name>dfs.datanode.address</name>
        <value>50010</value>
    </property>
    <property>
        <name>hive.aux.jars.path</name>
        <value>@HIVE_HOME@/lib/mongo-hadoop-hive.jar</value>
    </property>
</configuration>
